adjustment_type,destination_group,old_chain,old_address,old_snapshot_cosmos_address,amount_micro,amount_phmn,new_destination_cosmos_address,new_destination_dao_url,new_destination_juno_treasury,new_destination_osmosis_treasury,status,note
subdao_treasury_reroute,Liquidity SubDAO New,juno,juno16rd66nkhuc2qvzarqs28z0l6gk50qy5w0jdwk2xygtkjz5kclu9qlsyxl4,cosmos16rd66nkhuc2qvzarqs28z0l6gk50qy5w0jdwk2xygtkjz5kclu9qu4r4g3,3056690993,3056.690993,cosmos1pu90e2gm2kq9lvheqzrh0tl9dw5aqg6v5gr9jug2eqdel0vzuxkqvg72nn,https://daodao.zone/dao/cosmos1pu90e2gm2kq9lvheqzrh0tl9dw5aqg6v5gr9jug2eqdel0vzuxkqvg72nn,juno1zm2cze0fcqstwfurgmjkwhu8cgvt6y7an33qu3k0p8g7mlp3l5rs0ez8ql,osmo13r98mdfg3f0xzvk40y6q7whm8lx9793ge2td45fadezgls9zjjzsjfrgnl,found_in_2026_06_16_snapshot,Do not distribute new PHMN to the old treasury address; reroute this amount to the new destination Cosmos treasury.
subdao_treasury_reroute,Liquidity SubDAO New,neutron,neutron1prefwzgnqm0yp579027gt6hl0vlh3ywqt30weknvcgev4r7v0wqqrhl7ry,cosmos1prefwzgnqm0yp579027gt6hl0vlh3ywqt30weknvcgev4r7v0wqqzcw6a8,14652885449,14652.885449,cosmos1pu90e2gm2kq9lvheqzrh0tl9dw5aqg6v5gr9jug2eqdel0vzuxkqvg72nn,https://daodao.zone/dao/cosmos1pu90e2gm2kq9lvheqzrh0tl9dw5aqg6v5gr9jug2eqdel0vzuxkqvg72nn,juno1zm2cze0fcqstwfurgmjkwhu8cgvt6y7an33qu3k0p8g7mlp3l5rs0ez8ql,osmo13r98mdfg3f0xzvk40y6q7whm8lx9793ge2td45fadezgls9zjjzsjfrgnl,found_in_2026_06_16_snapshot,Do not distribute new PHMN to the old treasury address; reroute this amount to the new destination Cosmos treasury.
subdao_treasury_reroute,Liquidity SubDAO New,osmosis,osmo1hyjhy0tp6geral2g9vj9nyteglf8t5q4pqwre8,cosmos1hyjhy0tp6geral2g9vj9nyteglf8t5q4fman04,12661704217,12661.704217,cosmos1pu90e2gm2kq9lvheqzrh0tl9dw5aqg6v5gr9jug2eqdel0vzuxkqvg72nn,https://daodao.zone/dao/cosmos1pu90e2gm2kq9lvheqzrh0tl9dw5aqg6v5gr9jug2eqdel0vzuxkqvg72nn,juno1zm2cze0fcqstwfurgmjkwhu8cgvt6y7an33qu3k0p8g7mlp3l5rs0ez8ql,osmo13r98mdfg3f0xzvk40y6q7whm8lx9793ge2td45fadezgls9zjjzsjfrgnl,found_in_2026_06_16_snapshot,Core-team Osmosis PHMN balance. Do not distribute new PHMN to the old Osmosis address; reroute this amount to the Liquidity SubDAO Cosmos treasury.
subdao_treasury_reroute,Strategic SubDAO New,juno,juno1ejdt5w55ad8c3syj8mph3xhchee2jtlcfpw9sm0mq2fh80qygudsjzrwjj,cosmos1ejdt5w55ad8c3syj8mph3xhchee2jtlcfpw9sm0mq2fh80qyguds38ya9k,1030280469,1030.280469,cosmos146s5j3t7gh2g37ywm47dp8avhesu2htvjjaxq7z55e7xj0rq0k8q5qnjjy,https://daodao.zone/dao/cosmos146s5j3t7gh2g37ywm47dp8avhesu2htvjjaxq7z55e7xj0rq0k8q5qnjjy,juno1tuk72phdvmv4e0fz38mmvg5syrvtsnqelkj54ym7pqzfg2379lysdsayk2,osmo1wj0hxnk3x0fwl2yqfxtus8sasa5her0enxc39mjvtjwlpn3wa2nszyphdd,found_in_2026_06_16_snapshot,Do not distribute new PHMN to the old treasury address; reroute this amount to the new destination Cosmos treasury.
subdao_treasury_reroute,Strategic SubDAO New,juno,juno1uwmtcc8lxc7waqy9takvnsautlfx5qp688jykvvuk4fezd8jf6fs549ym2,cosmos1uwmtcc8lxc7waqy9takvnsautlfx5qp688jykvvuk4fezd8jf6fshszhvw,434000000,434.000000,cosmos146s5j3t7gh2g37ywm47dp8avhesu2htvjjaxq7z55e7xj0rq0k8q5qnjjy,https://daodao.zone/dao/cosmos146s5j3t7gh2g37ywm47dp8avhesu2htvjjaxq7z55e7xj0rq0k8q5qnjjy,juno1tuk72phdvmv4e0fz38mmvg5syrvtsnqelkj54ym7pqzfg2379lysdsayk2,osmo1wj0hxnk3x0fwl2yqfxtus8sasa5her0enxc39mjvtjwlpn3wa2nszyphdd,found_in_2026_06_16_snapshot,Do not distribute new PHMN to the old treasury address; reroute this amount to the new destination Cosmos treasury.
subdao_treasury_reroute,Strategic SubDAO New,juno,juno1cgs9upt55g6ms3a9zwjn4gg2p6n339flzm7mjuuayu7m076lsuvsnf4cka,cosmos1cgs9upt55g6ms3a9zwjn4gg2p6n339flzm7mjuuayu7m076lsuvssvjtpe,800000000,800.000000,cosmos146s5j3t7gh2g37ywm47dp8avhesu2htvjjaxq7z55e7xj0rq0k8q5qnjjy,https://daodao.zone/dao/cosmos146s5j3t7gh2g37ywm47dp8avhesu2htvjjaxq7z55e7xj0rq0k8q5qnjjy,juno1tuk72phdvmv4e0fz38mmvg5syrvtsnqelkj54ym7pqzfg2379lysdsayk2,osmo1wj0hxnk3x0fwl2yqfxtus8sasa5her0enxc39mjvtjwlpn3wa2nszyphdd,found_in_2026_06_16_snapshot,Do not distribute new PHMN to the old treasury address; reroute this amount to the new destination Cosmos treasury.
subdao_treasury_reroute,Strategic SubDAO New,juno,juno1ujl7hlglktdll3g8d3sttw83vw969ncwl3npzfaj7qplgzhhu92qdfdte4,cosmos1ujl7hlglktdll3g8d3sttw83vw969ncwl3npzfaj7qplgzhhu92qwv2cw3,63800000,63.800000,cosmos146s5j3t7gh2g37ywm47dp8avhesu2htvjjaxq7z55e7xj0rq0k8q5qnjjy,https://daodao.zone/dao/cosmos146s5j3t7gh2g37ywm47dp8avhesu2htvjjaxq7z55e7xj0rq0k8q5qnjjy,juno1tuk72phdvmv4e0fz38mmvg5syrvtsnqelkj54ym7pqzfg2379lysdsayk2,osmo1wj0hxnk3x0fwl2yqfxtus8sasa5her0enxc39mjvtjwlpn3wa2nszyphdd,found_in_2026_06_16_snapshot,Do not distribute new PHMN to the old treasury address; reroute this amount to the new destination Cosmos treasury.
subdao_treasury_reroute,Strategic SubDAO New,juno,juno1kfsf0p07a9unhnn3f0qv2vkcwyr8vuzxvjempy739e6ry5acgfeqdkfyuv,cosmos1kfsf0p07a9unhnn3f0qv2vkcwyr8vuzxvjempy739e6ry5acgfeqwnwhtg,180000000,180.000000,cosmos146s5j3t7gh2g37ywm47dp8avhesu2htvjjaxq7z55e7xj0rq0k8q5qnjjy,https://daodao.zone/dao/cosmos146s5j3t7gh2g37ywm47dp8avhesu2htvjjaxq7z55e7xj0rq0k8q5qnjjy,juno1tuk72phdvmv4e0fz38mmvg5syrvtsnqelkj54ym7pqzfg2379lysdsayk2,osmo1wj0hxnk3x0fwl2yqfxtus8sasa5her0enxc39mjvtjwlpn3wa2nszyphdd,found_in_2026_06_16_snapshot,Do not distribute new PHMN to the old treasury address; reroute this amount to the new destination Cosmos treasury.
subdao_treasury_reroute,Strategic SubDAO New,juno,juno1gs3hkuvjaexu52u9s65e8wj5he753dl4l9yn6vew7hszvxhdg6sqanluwc,cosmos1gs3hkuvjaexu52u9s65e8wj5he753dl4l9yn6vew7hszvxhdg6sq7kc0eu,916671,0.916671,cosmos146s5j3t7gh2g37ywm47dp8avhesu2htvjjaxq7z55e7xj0rq0k8q5qnjjy,https://daodao.zone/dao/cosmos146s5j3t7gh2g37ywm47dp8avhesu2htvjjaxq7z55e7xj0rq0k8q5qnjjy,juno1tuk72phdvmv4e0fz38mmvg5syrvtsnqelkj54ym7pqzfg2379lysdsayk2,osmo1wj0hxnk3x0fwl2yqfxtus8sasa5her0enxc39mjvtjwlpn3wa2nszyphdd,found_in_2026_06_16_snapshot,Do not distribute new PHMN to the old treasury address; reroute this amount to the new destination Cosmos treasury.
subdao_treasury_reroute,Strategic SubDAO New,juno,juno1xt8lgs35qntfqts0r686c9t0whuw2g065er3qahzc7qq8wjnpntsq499ge,cosmos1xt8lgs35qntfqts0r686c9t0whuw2g065er3qahzc7qq8wjnpntsrszkla,50000000,50.000000,cosmos146s5j3t7gh2g37ywm47dp8avhesu2htvjjaxq7z55e7xj0rq0k8q5qnjjy,https://daodao.zone/dao/cosmos146s5j3t7gh2g37ywm47dp8avhesu2htvjjaxq7z55e7xj0rq0k8q5qnjjy,juno1tuk72phdvmv4e0fz38mmvg5syrvtsnqelkj54ym7pqzfg2379lysdsayk2,osmo1wj0hxnk3x0fwl2yqfxtus8sasa5her0enxc39mjvtjwlpn3wa2nszyphdd,found_in_2026_06_16_snapshot,Do not distribute new PHMN to the old treasury address; reroute this amount to the new destination Cosmos treasury.
subdao_treasury_reroute,Strategic SubDAO New,juno,juno1gsrhz6vqgjyz9ar3tr7w4hzk5n6dtwt66hjtjyn0hqycje3pzpaq73395c,cosmos1gsrhz6vqgjyz9ar3tr7w4hzk5n6dtwt66hjtjyn0hqycje3pzpaqa5kkru,312890000,312.890000,cosmos146s5j3t7gh2g37ywm47dp8avhesu2htvjjaxq7z55e7xj0rq0k8q5qnjjy,https://daodao.zone/dao/cosmos146s5j3t7gh2g37ywm47dp8avhesu2htvjjaxq7z55e7xj0rq0k8q5qnjjy,juno1tuk72phdvmv4e0fz38mmvg5syrvtsnqelkj54ym7pqzfg2379lysdsayk2,osmo1wj0hxnk3x0fwl2yqfxtus8sasa5her0enxc39mjvtjwlpn3wa2nszyphdd,found_in_2026_06_16_snapshot,Do not distribute new PHMN to the old treasury address; reroute this amount to the new destination Cosmos treasury.
subdao_treasury_reroute,Strategic SubDAO New,juno,juno10cf0pmy6crjdgyd6y5svzwuf59qfu3kqva63cghp82x8ccw3ytesgtpf4m,cosmos10cf0pmy6crjdgyd6y5svzwuf59qfu3kqva63cghp82x8ccw3ytestwx6zl,125000000,125.000000,cosmos146s5j3t7gh2g37ywm47dp8avhesu2htvjjaxq7z55e7xj0rq0k8q5qnjjy,https://daodao.zone/dao/cosmos146s5j3t7gh2g37ywm47dp8avhesu2htvjjaxq7z55e7xj0rq0k8q5qnjjy,juno1tuk72phdvmv4e0fz38mmvg5syrvtsnqelkj54ym7pqzfg2379lysdsayk2,osmo1wj0hxnk3x0fwl2yqfxtus8sasa5her0enxc39mjvtjwlpn3wa2nszyphdd,found_in_2026_06_16_snapshot,Do not distribute new PHMN to the old treasury address; reroute this amount to the new destination Cosmos treasury.
subdao_treasury_reroute,Strategic SubDAO New,juno,juno1vknye0x0uxd0ypmr28qreg36fvuyyyna0ve8a7lrx2lepl4ehscsapfyvf,cosmos1vknye0x0uxd0ypmr28qreg36fvuyyyna0ve8a7lrx2lepl4ehscs7ywhmd,13000000,13.000000,cosmos146s5j3t7gh2g37ywm47dp8avhesu2htvjjaxq7z55e7xj0rq0k8q5qnjjy,https://daodao.zone/dao/cosmos146s5j3t7gh2g37ywm47dp8avhesu2htvjjaxq7z55e7xj0rq0k8q5qnjjy,juno1tuk72phdvmv4e0fz38mmvg5syrvtsnqelkj54ym7pqzfg2379lysdsayk2,osmo1wj0hxnk3x0fwl2yqfxtus8sasa5her0enxc39mjvtjwlpn3wa2nszyphdd,found_in_2026_06_16_snapshot,Do not distribute new PHMN to the old treasury address; reroute this amount to the new destination Cosmos treasury.
subdao_treasury_reroute,Strategic SubDAO New,juno,juno1q0yn0r4q8h7d3qmtlq7mrxuyn6wc4g99p94hr4d47ftu09wtfkmqwlscpl,cosmos1q0yn0r4q8h7d3qmtlq7mrxuyn6wc4g99p94hr4d47ftu09wtfkmqd6htkm,110000000,110.000000,cosmos146s5j3t7gh2g37ywm47dp8avhesu2htvjjaxq7z55e7xj0rq0k8q5qnjjy,https://daodao.zone/dao/cosmos146s5j3t7gh2g37ywm47dp8avhesu2htvjjaxq7z55e7xj0rq0k8q5qnjjy,juno1tuk72phdvmv4e0fz38mmvg5syrvtsnqelkj54ym7pqzfg2379lysdsayk2,osmo1wj0hxnk3x0fwl2yqfxtus8sasa5her0enxc39mjvtjwlpn3wa2nszyphdd,found_in_2026_06_16_snapshot,Do not distribute new PHMN to the old treasury address; reroute this amount to the new destination Cosmos treasury.
subdao_treasury_reroute,Strategic SubDAO New,juno,juno13k62fjqupyyhlxjt7adrfenzfpu2698d8emwvgkkjlxmj506gvfsf9hfe9,cosmos13k62fjqupyyhlxjt7adrfenzfpu2698d8emwvgkkjlxmj506gvfs2qs6wp,50000000,50.000000,cosmos146s5j3t7gh2g37ywm47dp8avhesu2htvjjaxq7z55e7xj0rq0k8q5qnjjy,https://daodao.zone/dao/cosmos146s5j3t7gh2g37ywm47dp8avhesu2htvjjaxq7z55e7xj0rq0k8q5qnjjy,juno1tuk72phdvmv4e0fz38mmvg5syrvtsnqelkj54ym7pqzfg2379lysdsayk2,osmo1wj0hxnk3x0fwl2yqfxtus8sasa5her0enxc39mjvtjwlpn3wa2nszyphdd,found_in_2026_06_16_snapshot,Do not distribute new PHMN to the old treasury address; reroute this amount to the new destination Cosmos treasury.
subdao_treasury_reroute,Strategic SubDAO New,juno,juno15tv8ufpg8t7mke4rs66cqcg0x297y55numn2x6a8kz703reldalqg9w40e,cosmos15tv8ufpg8t7mke4rs66cqcg0x297y55numn2x6a8kz703reldalqtqfxca,49000000,49.000000,cosmos146s5j3t7gh2g37ywm47dp8avhesu2htvjjaxq7z55e7xj0rq0k8q5qnjjy,https://daodao.zone/dao/cosmos146s5j3t7gh2g37ywm47dp8avhesu2htvjjaxq7z55e7xj0rq0k8q5qnjjy,juno1tuk72phdvmv4e0fz38mmvg5syrvtsnqelkj54ym7pqzfg2379lysdsayk2,osmo1wj0hxnk3x0fwl2yqfxtus8sasa5her0enxc39mjvtjwlpn3wa2nszyphdd,found_in_2026_06_16_snapshot,Do not distribute new PHMN to the old treasury address; reroute this amount to the new destination Cosmos treasury.
subdao_treasury_reroute,Strategic SubDAO New,juno,juno1ud8avxjwk5m97s8s5pqd0qhg0lyxqxefjzupyhrqvpq2002svfpq8urfuq,cosmos1ud8avxjwk5m97s8s5pqd0qhg0lyxqxefjzupyhrqvpq2002svfpqyey6ty,55000000,55.000000,cosmos146s5j3t7gh2g37ywm47dp8avhesu2htvjjaxq7z55e7xj0rq0k8q5qnjjy,https://daodao.zone/dao/cosmos146s5j3t7gh2g37ywm47dp8avhesu2htvjjaxq7z55e7xj0rq0k8q5qnjjy,juno1tuk72phdvmv4e0fz38mmvg5syrvtsnqelkj54ym7pqzfg2379lysdsayk2,osmo1wj0hxnk3x0fwl2yqfxtus8sasa5her0enxc39mjvtjwlpn3wa2nszyphdd,found_in_2026_06_16_snapshot,Do not distribute new PHMN to the old treasury address; reroute this amount to the new destination Cosmos treasury.
subdao_treasury_reroute,Strategic SubDAO New,juno,juno13h4dye7tls2h662h4lhmyrm7dce47am8h70p3thhyxh8vr5hyljqc3a6sv,cosmos13h4dye7tls2h662h4lhmyrm7dce47am8h70p3thhyxh8vr5hyljqm56f8g,2500000,2.500000,cosmos146s5j3t7gh2g37ywm47dp8avhesu2htvjjaxq7z55e7xj0rq0k8q5qnjjy,https://daodao.zone/dao/cosmos146s5j3t7gh2g37ywm47dp8avhesu2htvjjaxq7z55e7xj0rq0k8q5qnjjy,juno1tuk72phdvmv4e0fz38mmvg5syrvtsnqelkj54ym7pqzfg2379lysdsayk2,osmo1wj0hxnk3x0fwl2yqfxtus8sasa5her0enxc39mjvtjwlpn3wa2nszyphdd,found_in_2026_06_16_snapshot,Do not distribute new PHMN to the old treasury address; reroute this amount to the new destination Cosmos treasury.
